<?xml version="1.0" encoding="UTF-8"?>
<actions>
<action>
	<icon>system-search</icon>
	<name>Search</name>
	<unique-id>1645317008056396-1</unique-id>
	<command>catfish %f</command>
	<description>search recursivly</description>
	<patterns>*</patterns>
	<directories/>
</action>
<action>
	<icon>emblem-symbolic-link</icon>
	<name>Create Shortcut</name>
	<unique-id>1646451636904040-1</unique-id>
	<command>python3 &quot;$HOME/.scripts/Thunar/create-shortcut.py&quot; %F</command>
	<description>Adds a symlink shortcut to the selected files</description>
	<patterns>*</patterns>
	<directories/>
	<audio-files/>
	<image-files/>
	<other-files/>
	<text-files/>
	<video-files/>
</action>
<action>
	<icon>package-x-generic</icon>
	<name>Zip</name>
	<unique-id>1650964833628607-1</unique-id>
	<command>gnome-terminal --title &quot;ZIPPING FILES IN %d&quot; -- python3 &quot;$HOME/.scripts/Thunar/zip-files.py&quot; %F</command>
	<description>Zip selected file/s</description>
	<patterns>*</patterns>
	<directories/>
	<audio-files/>
	<image-files/>
	<other-files/>
	<text-files/>
	<video-files/>
</action>
<action>
	<icon>package-x-generic</icon>
	<name>Extract Inner</name>
	<unique-id>1651721983548763-2</unique-id>
	<command>gnome-terminal --title &quot;EXTRACTING IN: %d&quot; -- python3 &quot;$HOME/.scripts/Thunar/extract.py&quot; &quot;inner&quot; %F</command>
	<description>Extract here</description>
	<patterns>*.rar;*.zip;*.ZIP;*.7z;*.tar.gz;*.tar.bz2;*.zipx</patterns>
	<other-files/>
</action>
<action>
	<icon>package-x-generic</icon>
	<name>Extract Outer</name>
	<unique-id>1651719943550049-1</unique-id>
	<command>gnome-terminal --title &quot;EXTRACTING IN: %d&quot; -- python3 &quot;$HOME/.scripts/Thunar/extract.py&quot; &quot;outer&quot; %F</command>
	<description>Extract each to seperate folder</description>
	<patterns>*.rar;*.zip;*.ZIP;*.7z;*.tar.gz;*.tar.bz2;*.zipx</patterns>
	<other-files/>
</action>
<action>
	<icon>system-help</icon>
	<name>Mediainfo</name>
	<unique-id>1645569263128252-1</unique-id>
	<command>gnome-terminal --title &quot;MEDIAINFO: %n&quot; -- bash &quot;$HOME/.scripts/Thunar/mediainfo.sh&quot; %f</command>
	<description>Show  media details (some fileds are skipped)</description>
	<patterns>*</patterns>
	<audio-files/>
	<video-files/>
</action>
<action>
	<icon>org.xfce.thunar</icon>
	<name>Thunar Sudo</name>
	<unique-id>1650221130267516-1</unique-id>
	<command>pkexec thunar %f</command>
	<description>Launch thunar as sudo</description>
	<patterns>*</patterns>
	<directories/>
</action>
<action>
	<icon>utilities-terminal</icon>
	<name>Terminal</name>
	<unique-id>1645279576768432-1</unique-id>
	<command>gnome-terminal --working-directory %f</command>
	<description>Example for a custom action</description>
	<patterns>*</patterns>
	<startup-notify/>
	<directories/>
</action>
</actions>
