<?xml version="1.0" encoding="UTF-8"?>

<channel name="thunar" version="1.0">
  <property name="last-view" type="string" value="ThunarDetailsView"/>
  <property name="last-icon-view-zoom-level" type="string" value="THUNAR_ZOOM_LEVEL_400_PERCENT"/>
  <property name="last-window-maximized" type="bool" value="false"/>
  <property name="last-details-view-zoom-level" type="string" value="THUNAR_ZOOM_LEVEL_50_PERCENT"/>
  <property name="last-show-hidden" type="bool" value="true"/>
  <property name="last-details-view-column-widths" type="string" value="50,167,50,108,557,50,120,80,50,639"/>
  <property name="last-separator-position" type="int" value="316"/>
  <property name="last-window-width" type="int" value="941"/>
  <property name="last-window-height" type="int" value="1043"/>
  <property name="misc-single-click" type="bool" value="false"/>
  <property name="misc-date-style" type="string" value="THUNAR_DATE_STYLE_YYYYMMDD"/>
  <property name="misc-middle-click-in-tab" type="bool" value="true"/>
  <property name="last-sort-column" type="string" value="THUNAR_COLUMN_NAME"/>
  <property name="last-sort-order" type="string" value="GTK_SORT_ASCENDING"/>
  <property name="last-details-view-visible-columns" type="string" value="THUNAR_COLUMN_DATE_MODIFIED,THUNAR_COLUMN_NAME,THUNAR_COLUMN_PERMISSIONS,THUNAR_COLUMN_SIZE,THUNAR_COLUMN_TYPE"/>
  <property name="misc-thumbnail-mode" type="string" value="THUNAR_THUMBNAIL_MODE_ALWAYS"/>
</channel>
